id,name,description,icon,metaTitle,metaDesc,categoryText,createdAt,updatedAt
building-material-suppliers,Civil,"Civil construction material is any material used in construction such as cement, concrete, steel, blocks and bricks, masonry, Ready mix, precast and more.",1626176638056.png,"Building Material Suppliers in UAE - Dubai, Abu Dhabi, Sharjah & Ajman | Lumsum","Explore top building material suppliers in Dubai, Abu Dhabi, Sharjah & Ajman. Browse complete list of building material companies near you & across UAE.","<h2><strong>Discover construction material in UAE from the top building material suppliers</strong></h2>

<p>A selection of civil construction material, sourced from the best building material suppliers is available on our platform. Building materials are mainly used in the construction industry to create buildings and structures. Architects, engineers, and project managers identify the needed materials and methods for their construction projects. Building material suppliers offer a wide range of products including steel, formwork, concrete, blocks and bricks, masonry, precast and more. Whether you&rsquo;re an individual or a company, you will always be looking for products that are strong, durable, available, and cost-effective in addition to being convenient in terms of logistics and maintenance.</p>

<p>&nbsp;</p>

<h3><strong>Choosing the best construction material to cater to your project and needs in Dubai, Sharjah, Abu Dhabi, Ajman</strong></h3>

<p>In any construction project, a lot of decisions are taken including the right choice of material as this will determine the final result of your work.</p>

<ul>
	<li>
	<p>Steel is usually the starting point of the majority of construction projects. Different steel grades, each with specific features and applications, are usually considered.</p>
	</li>
	<li>
	<p>Then comes formwork which is determined by the design specifications and mechanical requirements of your project.</p>
	</li>
	<li>
	<p>Determining the right concrete mix for your project is yet another major step in which different factors apply such as compressive strength, durability, weather, and more.</p>
	</li>
	<li>
	<p>And of course, no construction project is complete without the use of bricks and blocks followed by choosing the mason.</p>
	</li>
</ul>

<p>Our platform covers all your construction needs during each phase of your project. Check out a list of construction materials&nbsp;suppliers in Ajman, Dubai, Sharjah, Fujairah...</p>",2020-11-26 10:09:17.338000,2021-07-13 11:43:58.000000
doors-windows-cabinets-suppliers,"Doors, Windows & Cabinets","Doors, Windows, and Cabinets can be made of different material including wood, Aluminum and PVC, and metal.",1624424954700.svg,"Doors, Windows & Kitchen Cabinets Suppliers in UAE - Dubai, Abu Dhabi, Sharjah, & Ajman | Lumsum","Lumsum caters info about doors, windows & kitchen cabinets suppliers in Dubai, Abu Dhabi, Sharjah, & Ajman. Search & Explore doors, windows & cabinets supplier companies near you & across UAE.","<h2><strong>Find top-notch products from the best door suppliers near me</strong></h2>

<p>A wide variety of products sourced from the best doors suppliers is available on our platform. You will also find a comprehensive list of cabinet suppliers and windows suppliers offering innovative products in Dubai, Sharjah, Abu Dhabi and Ajman. Browse a comprehensive list of suppliers specialized in Doors and Windows that are made of different materials including wood, Aluminum, PVC, and metal. Are you looking for door suppliers for your new house in the UAE? Or maybe wondering what windows suppliers you will be working with for your renovation project. You might even be asking yourself: Where can I find cabinet suppliers near me? The answer is easy. Our platform will connect you with the best cabinet suppliers- among others- and cater to all your project&rsquo;s needs.</p>

<h3><br />
<strong>Choosing Top-Ranked Window Suppliers Near Me&nbsp;</strong></h3>

<ul>
	<li>
	<p>Whether you&rsquo;re working on a new home or planning to replace your existing windows, it is crucial to look for items that are durable and reasonably priced at the same time.&nbsp;</p>
	</li>
	<li>
	<p>The same concept applies when choosing kitchen cabinet suppliers. However, some different factors need to be considered for the windows. These include the frame which can be made from different materials like wood, aluminum, vinyl, fiberglass, etc&hellip;</p>
	</li>
	<li>
	<p>Moreover, the glass type is important, you could choose between single-pane and double-pane. This will depend on the amount of desired protection from heat and UV rays.</p>
	</li>
</ul>

<p>Finally, you should not overlook the design to make sure it is compatible with your house.</p>",2021-01-01 22:07:36.589000,2021-06-23 05:09:14.000000
electrical-suppliers,Electrical,"Electrical installations require the use of different electrical devices such as wires and cables, switchgears, generators, light fittings, transformers, UPS, inverters and more.",1624383812906.svg,"Electrical Suppliers in UAE - Dubai, Abu Dhabi, Sharjah & Ajman | Lumsum","Find leading electrical material suppliers in Dubai, Abu Dhabi, Sharjah & Ajman. Browse complete list of electrical companies near you & across UAE.","<h2><strong>Learn about electrical supplies in UAE</strong></h2>

<p>A wide variety of electrical supplies sourced from the best electrical suppliers is available on our platform. Browse a selection of Wires and Cables, Switchgears, Wiring Accessories, Earthing and Lightning Protection, Generators, Light Fittings, Transformers, UPS/Inverters, etc&hellip; in Dubai, Sharjah, Abu Dhabi, Ajman. Whether you&rsquo;re a homeowner, project manager, or contractor, you will find the best electrical products that will back you up in both, new and renovation projects. When it comes to electrical materials, the best choices should be made to ensure the proper functionality of any building. Our platform will connect you with top-notch suppliers to help you choose and install the most innovative electrical products for residential and commercial buildings.</p>

<h3><br />
<strong>Choosing the best electrical supplies from electrical suppliers near me</strong></h3>

<ul>
	<li>
	<p>It doesn&rsquo;t matter if you&rsquo;re an electrical engineer or a DIY person, purchasing the right supplies is really important for the success of any project. That&rsquo;s why there are several factors that need to be considered when making your decisions, and these comprise quality, efficiency, and cost.</p>
	</li>
	<li>
	<p>Before making any purchase, the first thing you should do is to actually plan for your electrical supplies in which you note down what types do you exactly need in addition to the quantities and measurements.</p>
	</li>
	<li>
	<p>As you start the task of shopping for your electrical supplies, you should keep safety in your mind and buy products that comply with safety norms and regulations.</p>
	</li>
</ul>

<p>After assessing all the above factors and decided on your electrical products, you can now choose your electrical supplier and check their competitive offers.</p>",2020-11-26 10:11:15.127000,2021-06-22 17:43:32.000000
elv-electronics-suppliers,ELV & Electronics,"A category for electronics and ELV (or mechanical and electrical extra-low voltage system) including CCTV, access control, audiovisual, lighting control, etc…",1624383984372.svg,"ELV System & Electronics Suppliers in UAE - Dubai, Abu Dhabi, Sharjah & Ajman | Lumsum","Lumsum provides extensive list of ELV system & electronics suppliers in Dubai, Abu Dhabi, Sharjah & Ajman. Search & Explore ELV system & electronics supplier companies near you & across UAE.","<h2><strong>Discover ELV and Electronics from the top Electronics Suppliers&nbsp;</strong></h2>

<p>A wide variety of ELV (extra-low voltage system) and electronics sourced from the best electronics suppliers in Dubai is available on our platform. Browse a comprehensive list of ELV system suppliers in Dubai and discover details about their products including Telecom and&nbsp;IT,&nbsp;Lighting Control, Audio-visual, CCTV, Access Control, Meters and&nbsp;Instrumentation in Dubai, Sharjah, Abu Dhabi, and Ajman. It doesn&rsquo;t matter if your project is residential or commercial, as our platform will be connecting you with the most reputable extra-low voltage suppliers in UAE to provide solutions that will exceed your expectations.</p>

<h3><br />
<strong>Choosing The Most Innovative Electronics Suppliers Near Me</strong></h3>

<ul>
	<li>
	<p>In today&rsquo;s world, protection, safety of people, assets, and infrastructure are considered a top priority.</p>
	</li>
	<li>
	<p>This is also coupled with technology-driven systems and integration of audiovisual systems especially in the workplace (e.g. video conferencing and projectors).</p>
	</li>
	<li>
	<p>Our platform provides full-fledged ELV solutions in UAE from the top-notch ELV solutions suppliers. Our aim here is to ensure that all your premises&rsquo; needs are covered.</p>
	</li>
	<li>
	<p>Our reliable electronics suppliers will, in turn, devise a proper plan for you and walk you through every step of the process including installation and integration of all the required ELV and security systems.</p>
	</li>
</ul>

<p>Check out a list of electronic suppliers specialized in offering surveillance cameras, door access solutions, intercom systems for effortless communication, audio, visual, projection, digital signage, lights, and much more.</p>",2021-01-01 13:59:23.328000,2021-06-22 17:46:24.000000
finishing-material-suppliers,Finishing,"Finishing is the concluding step of construction work and can be done in different ways including painting, wallpapering, flooring, cladding, and more.",1624384426636.svg,"Finishing Material Suppliers in UAE - Dubai, Abu Dhabi, Sharjah & Ajman | Lumsum","Lumsum provides complete list of finishing material suppliers in Dubai, Abu Dhabi, Sharjah & Ajman. Learn more about building finishing material companies near you & across UAE.","<h2><strong>Discover Finishing Materials From The Top Finishing Material Suppliers in the UAE</strong></h2>

<p>A wide variety of finishing material suppliers based in Dubai, Sharjah, Abu Dhabi, and Ajman is available on our platform. Finishing is the concluding step of construction work and can be done in different ways including painting, wallpapering, flooring, cladding, and more. Discover a selection of suppliers in the UAE providing Stone, Marble, Ceramic, Paints, Wallpaper, Gypsum, Flooring, Suspended Ceilings, Cladding, etc... Our platform will easily connect you with top-notch finishing material suppliers that will exceed your expectation in terms of quality and variety.</p>

<p>&nbsp;</p>

<h3><strong>Choosing the Right Finishing Supplier Near Me</strong></h3>

<p>You should always keep in mind several guidelines when approaching building finishing material suppliers.</p>

<ul>
	<li>
	<p>This step can become complicated and confusing sometimes as there is a variety of options in addition to several aspects that need to be considered throughout the process.&nbsp;</p>
	</li>
	<li>
	<p>Besides quality and budget,&nbsp; one important factor that comes to mind is the colors and styles. There are infinite design choices whether you&rsquo;re intending to use paints, wallpaper, or even granite and stones. Think about the atmosphere and the lifestyle you want to have in your house and make your decision accordingly.</p>
	</li>
	<li>
	<p>You might also want to think about the challenges that you might face from the climate and surrounding environment, and thus you should choose finishes with maximum durability to apply where you find convenient.</p>
	</li>
</ul>

<p>Always make sure to consider all the points mentioned above when selecting the finishing supplier for your next project and don&#39;t forget to read their online reviews and compare their offers and prices.</p>",2021-01-09 16:57:15.890000,2021-06-22 17:53:46.000000
fire-life-safety-equipment-suppliers,"Fire, Life & Safety","Category for fire, life & safety tools including fire alarms, fire fighting systems, fire rated doors & cables and more.",1624424791579.svg,"Fire Protection, Life & Safety Equipment Suppliers in UAE – Dubai, Abu Dhabi, Sharjah & Ajman | Lumsum","Lumsum provides complete list of fire protection, life & safety equipment suppliers in Dubai, Abu Dhabi, Sharjah & Ajman. Search & Explore fire, life & safety equipment supplier companies near you & across UAE.","<h2><strong>Find and buy fire protection systems from the top suppliers in the UAE.</strong></h2>

<p>A wide variety of products can be acquired from the best life safety equipment suppliers in Dubai and it is available on our platform. Browse a comprehensive list of safety equipment suppliers in the UAE and discover details about their products including fire alarms, fire<br />
extinguishers, clean agents, emergency/exit lights, fire-rated doors, and fire-rated cables in Dubai, Sharjah, Abu Dhabi, and Ajman. It doesn&rsquo;t matter if your project is residential or commercial, our platform will be connecting you with the most trustworthy fire protection equipment suppliers to provide full-fledged solutions for your premises in UAE round the clock and all year long.</p>

<h3><br />
<strong>Choosing The Most Reliable Fire Protection Companies Near Me</strong></h3>

<ul>
	<li>
	<p>Safety is a very crucial factor in today&rsquo;s buildings. In fact, installing a proper fire-protection plan is an important task for homes and businesses as it will minimize the damage resulting from an unfortunate fire incident.</p>
	</li>
	<li>
	<p>Many companies are specialized in this field and are willing to provide a comprehensive fire prevention plan. Our platform will present a curated list of fire protection systems suppliers in the UAE who are experienced in offering a wide portfolio of options including alarm, fire extinguishing systems, and installation of specialized fire doors, especially for larger buildings.</p>
	</li>
	<li>
	<p>This process should be preceded by a full site inspection and a careful evaluation to identify the key safety needs.</p>
	</li>
</ul>

<p>Finally, you should keep in mind the need for regular maintenance and monitoring to ensure uninterrupted protection.</p>",2021-01-01 12:48:36.379000,2021-06-23 05:06:31.000000
furniture-fittings-suppliers,Furniture & Fittings,"A category for kitchen, furniture and equipment including appliances, textiles, sports and entertainment equipment, etc…",1624384109226.svg,"Office, School & Hotel Furniture and Fittings Suppliers in UAE - Dubai, Abu Dhabi, Sharjah & Ajman | Lumsum","Get complete list of office, school & hotel furniture and fittings suppliers in Dubai, Sharjah, Abu Dhabi & Ajman at Lumsum. Search & Explore furniture and fittings supplier companies near you & across UAE.","<h2><strong>Learn about Furniture and Fittings From The Best Furniture Suppliers in UAE</strong></h2>

<p>Browse a comprehensive list of furniture suppliers in Dubai, and discover details about their products including Car Parking Shades, Tents, Furnishings, Textiles, Upholstery, Kitchen, and Game Room equipment in Dubai, Sharjah, Abu Dhabi, and Ajman. Are you looking for hotel furniture suppliers in Dubai but can&rsquo;t find the right one? Do you feel the need to renovate your office but can&rsquo;t pick the right office furniture suppliers in Dubai? Or are you searching for something more peculiar like school furniture suppliers in UAE? No matter what type of project you have, our platform will be connecting you with the most reputable furniture suppliers.</p>

<h3><br />
<strong>Choosing Top-Notch Furniture From Furniture Suppliers</strong></h3>

<p><br />
When searching for the best furniture suppliers in UAE,&nbsp;you should first determine the type of furniture you&rsquo;re looking for:</p>

<ul>
	<li>
	<p>As a general rule, you should discuss with the potential furniture fittings suppliers the measurements of your space, styles, and preferred colors.</p>
	</li>
	<li>
	<p>However, do not ignore the factor of comfort and focus only on getting the nicest styles out there. This strongly applies when picking chairs from office furniture suppliers in Dubai, because they will be used for an entire working day.</p>
	</li>
	<li>
	<p>Durability is yet another key factor as you want your investment in the furniture to last for years especially when hunting for the best hotel furniture suppliers in Dubai.</p>
	</li>
</ul>

<p>Finally, do not forget safety and focus more on kid-friendly items especially if you&rsquo;re trying to identify the ideal school furniture suppliers in UAE.</p>",2021-01-01 19:10:13.309000,2021-06-22 17:48:29.000000
green-buildings-material-suppliers,Green Buildings,"Green building refers to both a structure and the application of processes that are environmentally friendly such as the usage of solar lights, solar heating and wind turbines.",1624384144796.svg,"Green Buildings Materials Suppliers in UAE - Dubai, Abu Dhabi, Sharjah & Ajman | Lumsum","Find sustainable green building material suppliers in Dubai, Abu Dhabi, Sharjah & Ajman. Search & Explore entire list of green building material supplier companies near you & across UAE.","<h2><strong>Check out Green Buildings Materials From The Top Green Building Suppliers</strong></h2>

<p>A wide variety of products sourced from the best green buildings materials suppliers is available on our platform. Green building supplies refer to both the structure and the application of processes that are environmentally friendly. Browse a comprehensive list of green building materials suppliers and discover details about their products including Solar Panels, Solar Lights, Solar Heaters, Wind Turbines, Smart home products in Dubai, Sharjah, Abu Dhabi, and Ajman. No matter what type of project you have in UAE, our platform will be connecting you with the most reputable sustainable green building materials suppliers to provide solutions that will exceed your expectations.</p>

<p>&nbsp;</p>

<h3><strong>Choosing Top-Notch Products From Trusted Green Buildings Materials Suppliers Near Me</strong></h3>

<ul>
	<li>
	<p>&nbsp;Sustainable buildings or green buildings have become a trend in the contracting industry due to their direct effects on environmental protection, energy-saving, and health improvement.</p>
	</li>
	<li>
	<p>&nbsp;Using solar energy through Solar Panels, Solar Lights, or Solar Heaters is one of the most common components in green buildings. To choose the optimal panel that caters to your needs, you should first assess your energy requirements and compare it to the solar panel efficiency.&nbsp;</p>
	</li>
	<li>
	<p>The Same concept applies whenever you&rsquo;re willing to install a wind turbine.</p>
	</li>
	<li>
	<p>And if you&rsquo;re thinking about installing some smart home technology,&nbsp;we highly recommend starting with buying a smart thermostat that will seamlessly control your house temperature and getting smart lights in order to limit energy wasting.</p>
	</li>
</ul>

<p>Always opt for green building materials when planning for your next project, this will have a lifelong impact on the environment and our future generations.</p>",2021-01-01 19:49:17.429000,2021-06-22 17:49:04.000000
heavy-machinery-suppliers,Heavy Machinery,"Construction heavy machinery includes lifts, cranes and other vehicles such as bulldozers and trucks.",1624424773691.svg,"Rental Heavy Machinery & Equipment Suppliers in UAE - Dubai, Abu Dhabi, Sharjah & Ajman | Lumsum","Lumsum helps you to get the best rental heavy machinery & equipment suppliers in Dubai, Abu Dhabi, Sharjah & Ajman. Find contact details of rental heavy machinery supplier companies near you & across UAE.","<h2><strong>Find Heavy Machinery Suppliers that offer heavy machinery rental services for construction</strong></h2>

<p>A comprehensive list of reputable heavy equipment suppliers providing heavy equipment rental including lifts, cranes, and other vehicles such as bulldozers and trucks is available on our platform. When it comes to heavy equipment rental, selecting the right machinery is a very important step in any construction project as it can enhance the production quality, boost efficiency, and optimize the overall budget while ensuring safety on site. And with the several options available in the market, making the right decision can be daunting sometimes. Our<br />
platform will help ease this task by connecting you with the best suppliers in Dubai, Sharjah, Abu Dhabi, and Ajman.</p>

<p>&nbsp;</p>

<h3><strong>Choosing The Right Heavy Machinery Suppliers Near Me</strong></h3>

<ul>
	<li>
	<p>It is well known that the construction industry has been booming recently thanks to the latest building technologies and machinery introduced to today&rsquo;s market.</p>
	</li>
	<li>
	<p>As a contractor or project manager in the UAE, you always want to make the best decisions when it comes to selecting heavy equipment to increase your profitability and yield the best outcome.&nbsp;</p>
	</li>
	<li>
	<p>One factor is to select a suitable machine size in compliance with the workload without compromising on an excellent performance. Productivity and quality are key to ensuring efficient execution of the project within a reduced timeframe.</p>
	</li>
	<li>
	<p>Make sure that the machine is suitable for the project&rsquo;s site whether it&rsquo;s a desert, mountain, coast, etc&hellip; Each project requires a specific type of machine.</p>
	</li>
</ul>

<p>Finally, do not overlook the costs,&nbsp;needed repair, and the respective maintenance facilities.</p>",2021-01-01 11:33:29.510000,2021-06-23 05:06:13.000000
hvac-suppliers,HVAC,"HVAC or heating, ventilation, and air conditioning is the technology used for heating and cooling residential and commercial buildings.",1624383948563.svg,"HVAC Suppliers in UAE - Dubai, Abu Dhabi, Sharjah & Ajman | Lumsum","We at Lumsum provide accurate information about HVAC suppliers in Dubai, Abu Dhabi, Sharjah & Ajman. Search & Explore HVAC supplier companies near you & across UAE.","<h2><strong>Discover HVAC Products From the Top HVAC Suppliers in UAE</strong></h2>

<p>A wide variety of HVAC products sourced from the best HVAC suppliers in UAE is available on our platform. Discover a selection of suppliers who specialize in offering Fans, AHU, Ducts, A/C, VRF, Ecology Units, Air Filters, HVAC Accessories in Dubai, Sharjah, Abu Dhabi, Ajman. HVAC stands for heating, ventilation, and air conditioning; this system is used for heating and cooling residential and commercial buildings. Whether you&rsquo;re looking to install a brand new HVAC system or repair your existing one, our HVAC suppliers in Dubai will provide you with the optimum solution to cater to your needs.&nbsp;</p>

<p>&nbsp;</p>

<h3><strong>Choosing the Best Equipment From Top-Notch HVAC Suppliers&nbsp;</strong></h3>

<ul>
	<li>
	<p>When choosing your HVAC system, you should think first about the type of unit that suits you.</p>
	</li>
	<li>
	<p>The most popular types are central air conditioning, heat pumps, and ductless mini-split systems. Second, you need to choose the correct size of the unit for the area that you need to cool or warm.&nbsp;</p>
	</li>
	<li>
	<p>Also, you should ensure that the unit&rsquo;s design and specifications are in line with your home or office in UAE and that there is enough space for the indoor and outdoor components.</p>
	</li>
	<li>
	<p>Another factor that sometimes goes overlooked is the maintenance requirements like cleaning the parts or replacing filters. Thus it is advisable to buy a low-maintenance unit and book repair appointments every year.</p>
	</li>
</ul>

<p>Finally, always consider energy-efficient products before buying a new HVAC system for your place to protect the environment.</p>",2021-01-01 13:35:33.895000,2021-06-22 17:45:48.000000
landscape-pool-suppliers,Landscape & Pools,"A category for landscape design elements  including pools, fence, water features, plants and flowers, etc…",1624384300325.svg,"Landscape & Pool Suppliers in UAE - Dubai, Abu Dhabi, Sharjah, & Ajman | Lumsum","Visit Lumsum to procure list of pool & landscape material suppliers in Dubai, Abu Dhabi, Sharjah, & Ajman. Search & Explore contact details of pool & landscape supplier companies near you & across UAE.","<h2><strong>Find top-notch products from the best landscape suppliers near me</strong></h2>

<p>A wide variety of products sourced from the best landscape material suppliers is available on our platform. You will also find a comprehensive list of pool suppliers offering innovative products in Dubai, Sharjah, Abu Dhabi and Ajman. Browse a comprehensive list of suppliers specializing in fences, water features, irrigation, pest control, plants, flowers, and swimming pools. It is well known that equipping and caring for your landscape can become a daunting task if you do not find the right landscape suppliers. Our platform will connect you with the most reputable and convenient landscape suppliers in UAE to help you take your land to the next level whether through improving the health and conditions of your soil or beautifying its appearance.</p>

<h3><br />
<strong>Choosing Top-Ranked Pool Suppliers Near Me&nbsp;</strong></h3>

<ul>
	<li>Building a swimming pool can make a great addition to any space, especially if you choose the right material from trusted pool suppliers.&nbsp;</li>
	<li>In fact, installing a swimming pool is very exciting as it provides a place to relax outdoors with friends and family in addition to being a good way to exercise.</li>
	<li>There are some factors that will ease this process.&nbsp;</li>
	<li>First, you need to determine the use of the pool then determine the design that is convenient for your space. Another factor is the budget which is highly dependent on the materials used.</li>
</ul>

<p>Check out our list of pool equipment suppliers that will introduce you to a variety of options and assist you in making the optimal purchase decision.</p>",2021-01-01 22:17:08.456000,2021-06-22 17:51:40.000000
lifts-suppliers,Lifts,"Discover the different kinds of lifting and escalators in this category including garbage chutes, dumb waiter, handicap lifts and more.",1624384077326.svg,"Lifts Suppliers in UAE - Dubai, Abu Dhabi, Sharjah & Ajman | Lumsum","Lumsum assists you to find the best lifts suppliers in Dubai, Abu Dhabi, Sharjah & Ajman. Search & Explore contact details of lifts supplier companies near you & across UAE.","<h2><strong>Find Lifts From The Top Lifts Suppliers in UAE</strong></h2>

<p>A wide variety of lifts sourced from the best lift suppliers is available on our platform. A lift is a form of vertical transportation between building floors, levels, or decks. It is widely used in residential and commercial buildings, facilities, and construction sites. Browse a comprehensive list of lift suppliers, and discover details about their products including Elevators, Escalators, Handicap Lifts, Cradles, Dumb Waiters in Dubai, Sharjah, Abu Dhabi, Ajman. No matter what type of project you have in the UAE, our platform will connect you with the most reputable lift suppliers to provide solutions that will exceed your expectations.</p>

<h3><br />
<strong>Choosing Top Notch Lifts From Trusted Lifts Suppliers Near Me</strong></h3>

<ul>
	<li>
	<p>Regardless of the lift type you need to buy, you should follow some guidelines to make the optimum purchase decision.</p>
	</li>
	<li>
	<p>To begin with, you need to pick a lift that matches the needed task such as people lifters or cargo lifts. Ask yourself the following, do I need a heavy-duty and high-performing lift or am I looking for a smooth ride?</p>
	</li>
	<li>
	<p>Another factor to look at is the installation cost. While some suppliers may offer this as a complimentary service, some buildings may require some modifications before installing the lift which could become quite expensive.</p>
	</li>
	<li>
	<p>Moreover, safety is an important factor to consider so you might want to research the model before buying it to check for any possible concerns.</p>
	</li>
</ul>

<p>Finally, always ask your supplier for the maintenance plans and check the warranty service included with the product.</p>",2021-01-01 14:38:15.740000,2021-06-22 17:47:57.000000
plumbing-water-material-suppliers,Plumbing & Water Supply,"Plumbing and water supply systems work on providing and distributing water to the different sections of a building. They include sanitary ware, pipes, pumps, heaters and more",1624383841746.svg,"Plumbing Material & Water Equipment Suppliers in UAE – Dubai, Sharjah, Abu Dhabi & Ajman | Lumsum","Discover extensive list of reputed plumbing material & water equipment suppliers in Dubai, Abu Dhabi, Sharjah & Ajman. Procure full info about plumbing & water material companies near you & across UAE.","<h2><strong>Discover plumbing and water supplies in UAE from top suppliers</strong></h2>

<p>A diverse selection of products from both plumbing material suppliers and water equipment suppliers. Browse a wide variety of Sanitary Ware, Sauna/Jacuzzi, Water Heaters, Pipes, Pumps, Water Filters, etc&hellip;in Dubai, Sharjah, Abu Dhabi, Ajman. Whether you&rsquo;re buying for your new or renovation project, you might face some dilemma and undergo a careful analysis before choosing the right product, as there are many different types, designs, and options offered by plumbing material suppliers and water equipment suppliers. Our platform will present to you the best plumbing and water equipment in the market and will assist you in selecting the best products that will cater to your project&rsquo;s needs.</p>

<p>&nbsp;</p>

<h3><strong>Choosing the best plumbing supplies and water equipment</strong></h3>

<ul>
	<li>
	<p>When it comes to choosing the plumbing fixtures, a group of factors shall be considered. It is well-established that factors like durability, quality, and cost are important to examine, but that&rsquo;s not all when it comes to bathroom fixtures.</p>
	</li>
	<li>
	<p>In fact, these should be in line with the rest of the d&eacute;cor (Copper, Chrome, White, Satin bras, Matte black) and should also be matching to your family&rsquo;s lifestyle. For example, if you have a big family with kids, you might choose a touch-less faucet to save money and water.</p>
	</li>
	<li>
	<p>As for water filtration tools, not all of them are the same as some focus on cleansing the water while others focus on making the water taste better, so identify your needs and examine the available choices accordingly.</p>
	</li>
</ul>

<p>Now That you have examined carefully how to choose the plumbing products you&nbsp;need to complete your project, check&nbsp;out our list of reliable suppliers in the UAE.</p>",2020-11-26 10:12:14.455000,2021-06-22 17:44:01.000000
road-works-material-suppliers,Road Works,A category for road works or road construction and the different material and methods utilized in this process.,1624384179136.svg,"Road Works Materials Suppliers in UAE - Dubai, Abu Dhabi, Sharjah, & Ajman | Lumsum","Lumsum accelerates your quest by showing the best road works construction materials suppliers in Dubai, Abu Dhabi, Sharjah, & Ajman. Search & Explore road works supplier companies near you & across UAE.","<h2><strong>Buy road works material from top-notch road works suppliers</strong></h2>

<p>A wide variety of products sourced from the best road works suppliers is available on our platform. Browse a comprehensive list of road work material suppliers and discover details about their products including PASCO, KERBSTONE, ASPHALT, AGGREGATE, HARDSCAPE in Dubai, Sharjah, Abu Dhabi, Ajman. No matter the size of your project, our platform will connect you with the most reputable road works suppliers in the UAE to provide solutions that will exceed your expectations in terms of cost, quality, and variety.</p>

<h3><br />
<strong>Choosing The Best And Top-Ranked Roadworks Suppliers Near Me</strong></h3>

<ul>
	<li>
	<p>Why are roadworks materials so important? Making the right decision when it comes to road works construction material suppliers in UAE can directly impact your project.&nbsp;</p>
	</li>
	<li>
	<p>The material used affects the function of the road, rider comfort, environment, safety, and structural support. The selection of the material usually depends on the availability, the cost, and the use of the road.&nbsp;</p>
	</li>
	<li>
	<p>These products can constitute half the cost of a road. The least expensive is usually native soil but it is the lowest in quality.</p>
	</li>
	<li>
	<p>The most used surfacing material is crushed aggregate.&nbsp;</p>
	</li>
	<li>
	<p>The most expensive, smoothest and the highest quality is usually asphalt.&nbsp;</p>
	</li>
</ul>

<p>Regardless of your budget, project aim, or specs, our diversified list of road works suppliers will help you fulfill&nbsp; your needs to provide the desired outcome.</p>",2021-01-01 20:23:50.071000,2021-06-22 17:49:39.000000
tools-suppliers,Tools,"A category for popular construction tools including safety PPE, hand tools, power tools, ladders and more.",1624384464786.svg,"Tools Suppliers in UAE - Dubai, Abu Dhabi, Sharjah & Ajman | Lumsum","Lumsum provides extensive list of premium tools suppliers in Dubai, Abu Dhabi, Sharjah & Ajman. Find tools supplier companies near you & across UAE.","<h2><strong>Learn about Tools From Top Tools Suppliers in UAE</strong></h2>

<p>A wide variety of popular products sourced from the best tools suppliers in UAE is available on our platform. Discover a selection of suppliers that are specialized in offering Safety PPE, Hand Tools, Scaffolding, Ladders, Power Tools, Welding Gases, and more in Dubai, Sharjah, Abu Dhabi, Ajman. Whether you&rsquo;re a contractor or a homeowner wishing to fulfill your tasks, our platform will connect you with the best tools suppliers in Dubai.</p>

<h3><br />
<strong>Choosing The Best Tools From Top Notch Tools Suppliers</strong></h3>

<p>It doesn&rsquo;t matter if you own or rent a house in UAE, having a comprehensive tool kit is indeed a good investment to undergo repairs, fixes, and some home improvement projects.</p>

<ul>
	<li>
	<p>Before choosing your home kit, it is important to consider certain factors that will help you make the best purchase decision.</p>
	</li>
	<li>
	<p>First ask yourself, what are the tools that you will need? Prepare a list of frequently used items that are beneficial for your lifestyle and make your choices accordingly.</p>
	</li>
	<li>
	<p>Some low-quality sets may seem appealing as they may contain an abundance of items.</p>
	</li>
	<li>
	<p>However, it is always better to select quality over quantity. Choose a small kit from a reputable supplier that matches your budget and add on gradually according to your needs.</p>
	</li>
</ul>

<p>As for the basics finally, your tools must at least comprise a screwdriver set, tape measure, toolbox, hammer, duct tape, flashlights, set of pliers, utility and putty knives, and wrenches.</p>",2021-01-09 22:22:56.166000,2021-06-22 17:54:24.000000
